City_ID,City,Lat,Lng,Max Temp,Humidity,Cloudiness,Wind Speed,Country,Date
0,Piacabucu,-10.41,-36.43,76.12,77,0,9.91,BR,2020-11-12 00:04:06
1,Inuvik,68.35,-133.72,5.0,71,22,5.82,CA,2020-11-12 00:04:06
2,Jamestown,42.1,-79.24,48.99,87,1,10.29,US,2020-11-12 00:03:44
3,Yuli,9.7,10.27,75.61,34,10,5.59,NG,2020-11-12 00:04:07
4,Namie,37.48,141.0,51.01,57,0,3.8,JP,2020-11-12 00:04:07
5,Teo,42.75,-8.5,55.99,87,75,11.41,ES,2020-11-12 00:04:07
6,Bambous Virieux,-20.34,57.76,73.99,83,40,6.93,MU,2020-11-12 00:04:07
7,Kaitangata,-46.28,169.85,64.0,52,72,8.01,NZ,2020-11-12 00:04:08
8,Mataura,-46.19,168.86,57.0,78,95,15.99,NZ,2020-11-12 00:04:08
9,Cape Town,-33.93,18.42,63.0,82,0,2.24,ZA,2020-11-12 00:03:05
10,Rikitea,-23.12,-134.97,72.34,76,8,21.32,PF,2020-11-12 00:04:08
11,Ust-Omchug,61.15,149.63,-19.66,82,16,3.47,RU,2020-11-12 00:04:08
12,Saint-Philippe,-21.36,55.77,71.6,64,0,5.82,RE,2020-11-12 00:04:09
13,Ribeira Grande,38.52,-28.7,61.79,59,99,5.7,PT,2020-11-12 00:04:09
14,Bredasdorp,-34.53,20.04,62.01,82,2,7.0,ZA,2020-11-12 00:04:09
15,Severo-Kurilsk,50.68,156.12,35.4,86,91,14.0,RU,2020-11-12 00:02:33
16,New Norfolk,-42.78,147.06,78.01,41,71,8.01,AU,2020-11-12 00:01:23
17,Susangerd,31.56,48.18,66.2,100,75,4.7,IR,2020-11-12 00:04:10
18,Hermanus,-34.42,19.23,62.01,82,0,7.0,ZA,2020-11-12 00:00:35
19,Ushuaia,-54.8,-68.3,60.8,48,75,20.8,AR,2020-11-12 00:04:10
20,Huambo,-12.78,15.74,60.67,90,96,2.37,AO,2020-11-12 00:04:11
21,Merauke,-8.47,140.33,84.31,62,60,7.99,ID,2020-11-12 00:04:11
22,Iqaluit,63.75,-68.51,23.0,67,75,10.29,CA,2020-11-12 00:00:42
23,Talcahuano,-36.72,-73.12,57.2,76,40,11.41,CL,2020-11-12 00:04:11
24,Cidreira,-30.18,-50.21,69.37,87,96,1.57,BR,2020-11-12 00:04:11
25,Santiago Del Estero,-27.8,-64.26,75.0,82,57,1.99,AR,2020-11-12 00:04:12
26,Safaga,26.73,33.94,69.8,46,0,10.29,EG,2020-11-12 00:04:12
27,Castro,-24.79,-50.01,62.87,95,100,2.48,BR,2020-11-12 00:04:12
28,Wakkanai,45.41,141.67,46.4,70,75,14.99,JP,2020-11-12 00:02:44
29,Punta Arenas,-53.15,-70.92,53.6,62,0,19.46,CL,2020-11-12 00:03:21
30,Namibe,-15.2,12.15,72.63,76,75,2.95,AO,2020-11-12 00:02:56
31,Linqiong,30.42,103.46,68.0,100,20,1.7,CN,2020-11-12 00:04:13
32,Vaini,-21.2,-175.2,80.6,74,20,10.29,TO,2020-11-12 00:04:13
33,Panubigan,7.43,123.35,81.28,77,99,1.92,PH,2020-11-12 00:04:14
34,Canutama,-6.53,-64.38,76.75,87,99,0.4,BR,2020-11-12 00:04:14
35,Tautira,-17.73,-149.15,82.4,65,75,10.29,PF,2020-11-12 00:04:14
36,Melong,5.12,9.96,67.21,91,100,2.06,CM,2020-11-12 00:04:14
37,Upernavik,72.79,-56.15,15.44,92,99,9.31,GL,2020-11-12 00:04:15
38,Klaksvik,62.23,-6.59,41.0,86,100,21.92,FO,2020-11-12 00:04:15
39,Provideniya,64.38,-173.3,32.0,95,90,11.18,RU,2020-11-12 00:02:09
40,Avera,33.19,-82.53,73.4,91,90,4.7,US,2020-11-12 00:04:15
41,Labuhan,-6.88,112.21,82.33,76,100,8.68,ID,2020-11-12 00:04:15
42,Ayorou,14.73,0.92,79.29,18,0,8.12,NE,2020-11-12 00:04:16
43,Qaanaaq,77.48,-69.36,2.95,67,3,10.0,GL,2020-11-12 00:04:16
44,Thompson,55.74,-97.86,5.0,77,90,10.29,CA,2020-11-12 00:04:04
45,Kapaa,22.08,-159.32,79.0,88,90,23.04,US,2020-11-12 00:04:16
46,Jinji,23.23,110.83,60.48,58,0,2.24,CN,2020-11-12 00:04:16
47,Zaysan,47.47,84.87,41.92,59,94,0.18,KZ,2020-11-12 00:04:17
48,Muisne,0.6,-80.03,73.89,79,34,8.95,EC,2020-11-12 00:04:17
49,Busselton,-33.65,115.33,55.0,92,96,6.38,AU,2020-11-12 00:00:09
50,Port Elizabeth,-33.92,25.57,62.6,88,0,5.82,ZA,2020-11-12 00:01:08
51,Suntar,62.14,117.63,25.93,98,100,2.42,RU,2020-11-12 00:04:17
52,Lima,-12.04,-77.03,68.0,68,40,12.75,PE,2020-11-12 00:01:39
53,Broken Hill,-31.95,141.43,69.8,49,28,11.41,AU,2020-11-12 00:02:45
54,Sam Roi Yot,12.27,99.87,71.6,94,90,4.7,TH,2020-11-12 00:04:18
55,Churapcha,62.0,132.43,-0.81,93,100,5.59,RU,2020-11-12 00:04:18
56,Hobart,-42.88,147.33,78.01,50,20,18.34,AU,2020-11-12 00:04:05
57,Anadyr,64.75,177.48,14.0,92,20,4.47,RU,2020-11-12 00:04:19
58,Hithadhoo,-0.6,73.08,83.35,68,58,1.77,MV,2020-11-12 00:04:19
59,Carnarvon,-24.87,113.63,68.0,64,31,16.11,AU,2020-11-12 00:04:19
60,Alofi,-19.06,-169.92,84.2,62,75,11.41,NU,2020-11-12 00:04:19
61,Pisco,-13.7,-76.22,66.2,82,0,14.99,PE,2020-11-12 00:02:35
62,Roald,62.58,6.13,55.4,62,100,4.7,NO,2020-11-12 00:04:20
63,Kamiiso,41.82,140.65,39.2,69,20,5.82,JP,2020-11-12 00:04:20
64,Airai,-8.93,125.41,74.3,49,25,2.51,TL,2020-11-12 00:04:20
65,Saint George,37.1,-113.58,53.6,32,1,1.92,US,2020-11-12 00:00:05
66,Butaritari,3.07,172.79,81.7,78,100,14.25,KI,2020-11-12 00:04:21
67,Tabuk,17.42,121.44,74.64,93,100,4.07,PH,2020-11-12 00:00:16
68,Nelson Bay,-32.72,152.15,86.0,47,0,5.82,AU,2020-11-12 00:02:06
69,Belaya Gora,68.53,146.42,-21.59,88,37,1.92,RU,2020-11-12 00:04:21
70,Bluff,-46.6,168.33,57.0,78,99,15.99,NZ,2020-11-12 00:01:07
71,Luang Prabang,19.89,102.13,61.61,72,0,1.99,LA,2020-11-12 00:01:04
72,Broome,42.25,-75.83,64.0,93,90,6.93,US,2020-11-12 00:03:23
73,Nabinagar,23.89,90.97,75.2,83,0,4.52,BD,2020-11-12 00:04:22
74,College,64.86,-147.8,28.0,85,90,2.26,US,2020-11-12 00:04:23
75,Bangui,4.36,18.55,73.6,82,100,0.49,CF,2020-11-12 00:04:23
76,Saiki,32.95,131.9,55.4,76,40,3.36,JP,2020-11-12 00:04:23
77,Sitka,57.05,-135.33,39.2,80,90,21.92,US,2020-11-12 00:04:23
78,Olavarria,-36.89,-60.32,62.46,90,15,8.72,AR,2020-11-12 00:04:24
79,Ponta Do Sol,32.67,-17.1,66.2,72,75,4.7,PT,2020-11-12 00:04:24
80,Ulaangom,49.98,92.07,24.21,90,86,3.74,MN,2020-11-12 00:04:24
81,Ancud,-41.87,-73.82,57.99,76,75,6.93,CL,2020-11-12 00:01:25
82,Onufriyivka,48.91,33.45,35.71,82,91,1.83,UA,2020-11-12 00:04:25
83,Naze,28.37,129.48,73.4,69,75,20.8,JP,2020-11-12 00:02:53
84,Lebu,-37.62,-73.65,52.88,88,66,14.29,CL,2020-11-12 00:02:06
85,Arraial Do Cabo,-22.97,-42.03,75.2,92,75,2.24,BR,2020-11-12 00:04:25
86,Kaseda,31.42,130.32,48.2,87,20,4.7,JP,2020-11-12 00:04:25
87,Geraldton,-28.77,114.6,62.6,67,27,8.05,AU,2020-11-12 00:04:26
88,Yellowknife,62.46,-114.35,-2.2,84,75,5.82,CA,2020-11-12 00:04:26
89,Hilo,19.73,-155.09,82.4,69,75,5.82,US,2020-11-11 23:59:53
90,Tabou,4.42,-7.35,78.49,85,100,5.08,CI,2020-11-12 00:02:16
91,Aken,50.78,6.08,51.01,91,54,1.99,DE,2020-11-12 00:04:27
92,Preobrazheniye,42.9,133.91,46.54,81,3,5.5,RU,2020-11-12 00:04:27
93,Kutum,14.2,24.67,64.87,28,0,10.92,SD,2020-11-12 00:04:27
94,Sassandra,4.95,-6.08,77.34,87,100,4.27,CI,2020-11-12 00:04:27
95,Fairfield,41.27,-73.32,64.4,100,90,9.26,US,2020-11-12 00:04:27
96,East London,-33.02,27.91,62.11,80,36,8.48,ZA,2020-11-12 00:04:28
97,Shawinigan,46.57,-72.75,62.6,93,93,8.05,CA,2020-11-12 00:04:28
98,Sheridan,44.83,-106.92,28.4,63,90,16.11,US,2020-11-12 00:01:44
99,Suhbaatar,50.23,106.21,24.08,95,0,4.12,MN,2020-11-12 00:04:28
100,Celestun,20.87,-90.4,78.64,86,91,7.94,MX,2020-11-12 00:04:28
101,Codrington,-38.27,141.97,64.0,51,84,7.0,AU,2020-11-12 00:00:48
102,Albany,42.6,-73.97,66.0,90,100,5.53,US,2020-11-12 00:02:11
103,Georgetown,5.41,100.34,78.8,94,20,6.93,MY,2020-11-11 23:59:53
104,Turbat,26.0,63.04,65.14,57,3,3.56,PK,2020-11-12 00:02:43
105,Isangel,-19.55,169.27,82.4,74,20,9.17,VU,2020-11-12 00:03:23
106,Bethel,41.37,-73.41,64.4,100,90,8.01,US,2020-11-12 00:04:30
107,Bolgatanga,10.79,-0.85,79.36,27,38,5.61,GH,2020-11-12 00:04:30
108,Whitehorse,60.72,-135.05,28.0,79,75,23.04,CA,2020-11-12 00:04:30
109,Esperance,-33.87,121.9,53.6,100,90,8.05,AU,2020-11-12 00:04:30
110,Manggar,-2.88,108.27,82.67,77,90,5.66,ID,2020-11-12 00:04:30
111,Northam,51.03,-4.22,51.01,90,75,21.0,GB,2020-11-12 00:04:31
112,Tuatapere,-46.13,167.68,57.0,78,66,15.99,NZ,2020-11-12 00:04:31
113,Hamilton,39.18,-84.53,50.0,61,20,8.05,US,2020-11-11 23:59:49
114,Khatanga,71.97,102.5,-8.61,91,91,3.0,RU,2020-11-12 00:04:31
115,Barrow,71.29,-156.79,17.6,85,90,17.22,US,2020-11-12 00:00:38
116,Port Hedland,-20.32,118.57,84.2,37,0,10.29,AU,2020-11-12 00:04:32
117,Lazaro Cardenas,17.96,-102.2,79.83,76,0,4.18,MX,2020-11-12 00:00:04
118,Smithers,54.78,-127.17,28.4,79,90,3.36,CA,2020-11-12 00:00:05
119,Gdynia,54.52,18.53,46.0,80,90,5.82,PL,2020-11-12 00:04:32
120,Puerto Ayora,-0.74,-90.35,69.01,89,35,3.0,EC,2020-11-12 00:04:33
121,Port Alfred,-33.59,26.89,61.99,82,0,12.91,ZA,2020-11-12 00:04:33
122,Monterey,36.25,-121.25,52.0,19,100,3.0,US,2020-11-12 00:03:17
123,Bowen,-20.02,148.23,82.4,48,40,9.17,AU,2020-11-12 00:04:34
124,San Lazaro,18.04,-88.66,84.2,62,5,1.41,BZ,2020-11-12 00:04:34
125,Kasongo,-4.45,26.67,67.93,98,99,2.13,CD,2020-11-12 00:04:34
126,Raga,8.46,25.68,72.32,35,0,1.39,SS,2020-11-12 00:04:34
127,Zhigansk,66.77,123.37,2.62,93,99,12.91,RU,2020-11-11 23:59:38
128,Souillac,-20.52,57.52,73.4,83,40,6.93,MU,2020-11-12 00:04:35
129,Melfi,41.0,15.65,50.0,81,5,8.05,IT,2020-11-12 00:04:35
130,Sawakin,19.11,37.33,80.87,78,53,14.63,SD,2020-11-12 00:04:35
131,Lagoa,39.05,-27.98,61.36,56,97,1.97,PT,2020-11-12 00:04:35
132,Betsiamites,48.94,-68.65,68.0,81,20,29.97,CA,2020-11-12 00:04:36
133,Havre-Saint-Pierre,50.23,-63.6,41.0,93,90,12.75,CA,2020-11-12 00:04:36
134,Mahibadhoo,3.78,72.97,82.31,74,72,7.36,MV,2020-11-12 00:04:36
135,Rybnoye,54.73,39.51,27.0,88,93,5.17,RU,2020-11-12 00:04:36
136,Lompoc,34.64,-120.46,60.8,67,1,13.87,US,2020-11-12 00:00:46
137,Atuona,-9.8,-139.03,78.17,71,0,14.67,PF,2020-11-12 00:04:37
138,Bilma,18.69,12.92,68.63,30,42,6.04,NE,2020-11-12 00:04:37
139,Yelets,52.62,38.5,30.85,94,85,4.43,RU,2020-11-12 00:04:37
140,Nosy Varika,-20.58,48.53,71.74,84,74,7.54,MG,2020-11-12 00:04:37
141,Litovko,49.24,135.17,25.97,91,88,0.38,RU,2020-11-12 00:04:38
142,Faya,18.39,42.45,60.8,87,0,2.68,SA,2020-11-12 00:04:38
143,Singapore,1.29,103.85,82.4,83,75,1.12,SG,2020-11-11 23:59:46
144,Ewa Beach,21.32,-158.01,86.0,48,75,10.29,US,2020-11-12 00:04:39
145,Grindavik,63.84,-22.43,35.6,93,75,9.17,IS,2020-11-12 00:04:39
146,Venice,27.1,-82.45,79.0,94,90,24.16,US,2020-11-12 00:04:39
147,Belawan,3.78,98.68,78.8,100,40,2.24,ID,2020-11-12 00:04:39
148,Cockburn Town,21.46,-71.14,81.34,75,67,25.95,TC,2020-11-12 00:04:40
149,Lorengau,-2.02,147.27,86.52,61,82,5.93,PG,2020-11-12 00:04:40
150,Nanortalik,60.14,-45.24,29.86,85,0,9.08,GL,2020-11-12 00:04:40
151,Jacareacanga,-6.22,-57.75,78.31,80,100,1.21,BR,2020-11-12 00:04:40
152,Hachinohe,40.5,141.5,35.6,74,20,5.82,JP,2020-11-12 00:04:40
153,Mildura,-34.2,142.15,73.0,52,11,12.75,AU,2020-11-12 00:04:41
154,Mangaratiba,-22.96,-44.04,73.4,94,75,5.82,BR,2020-11-12 00:04:41
155,Kieta,-6.22,155.63,84.22,74,75,7.63,PG,2020-11-12 00:04:41
156,Keningau,5.34,116.16,80.6,78,20,5.82,MY,2020-11-12 00:04:41
157,Dwarka,22.24,68.97,77.07,38,0,8.5,IN,2020-11-12 00:04:43
158,Llandrindod Wells,52.24,-3.38,48.99,90,99,1.99,GB,2020-11-12 00:02:58
159,San Quintin,30.48,-115.95,64.51,47,0,11.21,MX,2020-11-12 00:04:43
160,Dikson,73.51,80.55,1.17,93,60,5.82,RU,2020-11-12 00:04:43
161,Te Anau,-45.42,167.72,70.07,38,49,4.74,NZ,2020-11-12 00:03:26
162,Coquimbo,-29.95,-71.34,57.2,82,75,4.7,CL,2020-11-12 00:03:16
163,Sao Filipe,14.9,-24.5,79.95,70,0,4.21,CV,2020-11-12 00:04:44
164,Nome,64.5,-165.41,33.8,86,90,9.17,US,2020-11-12 00:04:44
165,Avarua,-21.21,-159.78,80.6,74,15,17.22,CK,2020-11-12 00:04:44
166,Baykit,61.67,96.37,23.92,95,100,9.53,RU,2020-11-12 00:04:44
167,Hasaki,35.73,140.83,46.4,75,75,10.29,JP,2020-11-12 00:04:44
168,Alice Springs,-23.7,133.88,84.2,14,0,13.87,AU,2020-11-12 00:04:01
169,Nikolskoye,59.7,30.79,41.0,93,90,4.47,RU,2020-11-12 00:04:45
170,Bengkulu,-3.8,102.27,78.08,81,100,6.15,ID,2020-11-12 00:04:45
171,Kununurra,-15.77,128.73,91.4,52,39,6.93,AU,2020-11-12 00:04:45
172,Cherskiy,68.75,161.3,10.89,95,100,10.31,RU,2020-11-12 00:04:45
173,Port-Gentil,-0.72,8.78,78.8,94,40,4.7,GA,2020-11-12 00:04:46
174,Laguna,38.42,-121.42,59.0,50,1,8.05,US,2020-11-12 00:04:46
175,Vila Franca Do Campo,37.72,-25.43,59.0,67,75,4.7,PT,2020-11-12 00:03:11
176,Bristol,41.83,-71.17,66.99,94,100,3.0,US,2020-11-12 00:01:38
177,Doha,25.29,51.53,78.8,78,0,2.24,QA,2020-11-12 00:04:47
178,Saint-Francois,46.42,3.91,45.0,100,92,2.24,FR,2020-11-12 00:04:47
179,Victoria,22.29,114.16,69.01,61,14,7.0,HK,2020-11-12 00:01:09
180,Saskylakh,71.92,114.08,-3.93,89,99,4.14,RU,2020-11-12 00:04:47
181,Elko,41.0,-115.5,37.4,47,75,16.11,US,2020-11-12 00:04:47
182,Katherine,-14.47,132.27,89.6,52,23,14.99,AU,2020-11-12 00:04:48
183,Acapulco,16.86,-99.89,84.2,70,5,3.36,MX,2020-11-12 00:02:51
184,Buraydah,26.33,43.98,69.8,94,40,5.82,SA,2020-11-11 23:59:56
185,Saiha,22.48,92.97,63.7,75,0,3.49,IN,2020-11-12 00:04:48
186,Olinda,-8.01,-34.86,80.6,74,40,9.17,BR,2020-11-12 00:04:48
187,Sidi Ali,36.1,0.42,60.19,86,0,5.41,DZ,2020-11-12 00:04:48
188,Sur,22.57,59.53,71.42,70,0,4.85,OM,2020-11-12 00:04:49
189,Mar Del Plata,-38.0,-57.56,64.4,82,0,11.41,AR,2020-11-11 23:59:50
190,Lavrentiya,65.58,-171.0,32.65,94,100,13.42,RU,2020-11-12 00:04:51
191,Carmo Do Paranaiba,-19.0,-46.32,70.0,100,100,1.25,BR,2020-11-12 00:04:51
192,Luderitz,-26.65,15.16,67.39,35,0,12.55,NA,2020-11-12 00:04:51
193,Torbay,47.67,-52.73,41.0,86,40,14.99,CA,2020-11-12 00:04:52
194,Fortuna,40.6,-124.16,53.01,76,1,12.75,US,2020-11-12 00:04:52
195,Chilca,-12.52,-76.74,68.0,68,40,12.75,PE,2020-11-12 00:04:52
196,Monte Azul,-15.15,-42.87,70.72,68,21,5.08,BR,2020-11-12 00:04:52
197,Kasongo-Lunda,-6.47,16.82,70.21,93,100,1.63,CD,2020-11-12 00:04:54
198,Muros,42.78,-9.06,55.99,87,75,11.41,ES,2020-11-12 00:04:54
199,Manglaur,29.8,77.87,59.88,43,0,3.31,IN,2020-11-12 00:04:55
200,Miyako,39.64,141.95,46.69,54,0,1.39,JP,2020-11-12 00:04:55
201,Dongsheng,39.82,109.98,35.47,70,0,6.11,CN,2020-11-12 00:04:55
202,Marzuq,14.4,46.47,61.39,63,0,1.52,YE,2020-11-12 00:04:55
203,Hofn,64.25,-15.21,36.41,74,0,6.78,IS,2020-11-12 00:04:56
204,Tuktoyaktuk,69.45,-133.04,3.2,71,75,13.87,CA,2020-11-12 00:04:56
205,Moron,-34.65,-58.62,69.01,72,0,7.0,AR,2020-11-12 00:04:56
206,Paamiut,61.99,-49.67,25.86,83,0,17.0,GL,2020-11-12 00:03:49
207,Zyryanka,65.75,150.85,-14.53,90,74,0.92,RU,2020-11-12 00:04:56
208,Tasiilaq,65.61,-37.64,20.77,81,77,4.94,GL,2020-11-12 00:04:57
209,Espoo,60.25,24.67,45.0,100,75,8.05,FI,2020-11-12 00:04:57
210,Lampang,18.33,99.5,62.6,88,0,2.24,TH,2020-11-12 00:04:57
211,Ostrovnoy,68.05,39.51,32.56,94,100,9.71,RU,2020-11-12 00:04:57
212,Kayseri,38.74,35.5,32.0,78,0,1.12,TR,2020-11-12 00:01:26
213,Port Blair,11.67,92.75,81.48,74,3,15.5,IN,2020-11-12 00:04:58
214,Wembley,-31.93,115.8,63.0,71,20,5.82,AU,2020-11-12 00:01:50
215,Leningradskiy,69.38,178.42,24.75,97,100,18.68,RU,2020-11-12 00:04:58
216,Amga,60.9,131.96,14.49,96,100,1.54,RU,2020-11-12 00:04:59
217,Yenagoa,4.92,6.26,75.83,93,22,3.76,NG,2020-11-12 00:04:59
218,Richards Bay,-28.78,32.04,64.98,82,78,5.14,ZA,2020-11-12 00:02:44
219,Belozerskoye,55.82,65.58,20.14,97,34,5.59,RU,2020-11-12 00:05:00
220,Atasu,48.68,71.64,33.44,96,67,15.37,KZ,2020-11-12 00:05:00
221,Fort Nelson,58.81,-122.7,5.0,77,75,3.36,CA,2020-11-12 00:00:09
222,Henties Bay,-22.12,14.28,57.99,89,0,3.0,NA,2020-11-12 00:05:00
223,Hambantota,6.12,81.12,79.43,82,100,9.19,LK,2020-11-12 00:05:00
224,Biak,-0.91,122.88,83.41,64,13,1.54,ID,2020-11-12 00:05:01
225,Pringsewu,-5.36,104.97,77.92,86,99,1.1,ID,2020-11-12 00:05:01
226,Fairbanks,64.84,-147.72,28.0,85,90,2.28,US,2020-11-12 00:00:48
227,Yerbogachen,61.28,108.01,12.33,96,75,5.86,RU,2020-11-12 00:05:01
228,Bandarbeyla,9.49,50.81,74.41,84,12,12.28,SO,2020-11-12 00:05:02
229,Vostok,46.49,135.88,32.36,93,0,3.83,RU,2020-11-12 00:05:02
230,Ahipara,-35.17,173.17,64.56,58,66,7.92,NZ,2020-11-12 00:05:02
231,Manuk Mangkaw,4.8,119.85,83.35,69,98,4.47,PH,2020-11-12 00:05:03
232,North Bend,43.41,-124.22,53.6,71,1,6.93,US,2020-11-12 00:05:03
233,Goldsboro,35.38,-77.99,75.2,94,75,5.82,US,2020-11-12 00:03:09
234,Panaba,21.28,-88.27,76.3,91,73,5.59,MX,2020-11-12 00:03:01
235,Chokurdakh,70.63,147.92,-12.96,91,89,2.84,RU,2020-11-12 00:05:04
236,Asau,46.43,26.4,42.8,87,90,5.82,RO,2020-11-12 00:05:04
237,Brae,60.4,-1.35,51.8,93,75,27.51,GB,2020-11-12 00:05:04
238,Ayr,55.46,-4.63,53.6,87,40,13.87,GB,2020-11-12 00:00:33
239,Takaka,-40.85,172.8,63.0,75,20,8.99,NZ,2020-11-12 00:05:05
240,Sakaiminato,35.55,133.23,46.4,87,20,3.36,JP,2020-11-12 00:05:05
241,Lowestoft,52.48,1.75,55.0,97,100,8.01,GB,2020-11-12 00:05:05
242,Katsuura,35.13,140.3,52.0,61,75,13.87,JP,2020-11-12 00:05:05
243,Chuy,-33.7,-53.46,60.96,89,30,9.4,UY,2020-11-12 00:05:06
244,Orlovskiy,46.87,42.06,31.35,91,1,4.07,RU,2020-11-12 00:05:06
245,Vardo,70.37,31.11,40.21,71,48,12.93,NO,2020-11-12 00:04:17
246,Itaituba,-4.28,-55.98,81.68,66,70,1.07,BR,2020-11-12 00:05:07
247,San Patricio,28.02,-97.52,78.8,65,20,12.75,US,2020-11-12 00:00:20
248,Saint-Joseph,-21.37,55.62,71.6,64,0,5.82,RE,2020-11-12 00:05:07
249,Arlit,18.74,7.39,70.72,23,0,9.93,NE,2020-11-12 00:05:07
250,Guerrero Negro,27.98,-114.06,66.83,47,6,14.0,MX,2020-11-12 00:05:08
251,Matara,5.95,80.54,77.9,82,100,2.8,LK,2020-11-12 00:05:08
252,Havre De Grace,39.55,-76.09,68.0,100,90,5.82,US,2020-11-12 00:03:36
253,Yuryuzan,54.86,58.42,16.83,96,90,3.96,RU,2020-11-12 00:05:09
254,Byron Bay,-28.65,153.62,75.99,57,40,11.41,AU,2020-11-12 00:05:09
255,Terrell,32.74,-96.28,71.6,28,1,3.36,US,2020-11-12 00:03:11
256,Portland,45.52,-122.68,51.01,66,1,4.7,US,2020-11-12 00:00:26
257,Saldanha,-33.01,17.94,62.6,72,0,4.7,ZA,2020-11-12 00:05:09
258,Buckeye,33.37,-112.58,69.8,19,1,4.7,US,2020-11-12 00:05:10
259,Taraz,42.9,71.37,44.6,87,90,13.42,KZ,2020-11-12 00:04:53
260,Paramonga,-10.67,-77.83,63.12,83,42,6.35,PE,2020-11-12 00:05:10
261,Vao,-22.67,167.48,72.21,84,48,19.35,NC,2020-11-12 00:05:10
262,Vanimo,-2.67,141.3,78.35,86,100,6.08,PG,2020-11-12 00:05:11
263,Norman Wells,65.28,-126.83,6.8,77,20,8.05,CA,2020-11-12 00:05:11
264,Santo Antonio Do Leverger,-15.87,-56.08,82.4,61,75,10.29,BR,2020-11-12 00:05:11
265,Grand Gaube,-20.01,57.66,73.99,76,3,5.01,MU,2020-11-12 00:05:12
266,Pokrovka,42.34,78.01,44.11,52,100,7.23,KG,2020-11-12 00:05:12
267,Lufilufi,-13.87,-171.6,86.0,79,75,6.93,WS,2020-11-12 00:05:12
268,Murovane,49.52,22.94,41.0,86,54,2.71,UA,2020-11-12 00:05:12
269,Bonavista,48.65,-53.11,41.0,80,98,8.05,CA,2020-11-12 00:05:13
270,Aykhal,66.0,111.5,19.4,92,75,4.47,RU,2020-11-12 00:05:13
271,Kamloops,50.67,-120.32,35.6,69,75,5.82,CA,2020-11-12 00:01:12
272,Jingdezhen,29.29,117.21,54.61,68,0,3.53,CN,2020-11-12 00:05:13
273,Visnes,59.36,5.22,50.0,71,100,19.46,NO,2020-11-12 00:05:14
274,Belyy Yar,53.6,91.39,24.8,85,0,4.47,RU,2020-11-12 00:05:14
275,Petropavlovsk-Kamchatskiy,53.05,158.65,32.0,92,40,4.47,RU,2020-11-12 00:05:14
276,Bathsheba,13.22,-59.52,80.6,83,40,19.46,BB,2020-11-12 00:05:14
277,Half Moon Bay,37.46,-122.43,59.0,76,1,11.41,US,2020-11-12 00:05:15
278,Tres Picos,15.87,-93.53,78.73,78,34,2.89,MX,2020-11-12 00:05:15
279,Kodiak,57.79,-152.41,44.6,70,40,6.93,US,2020-11-12 00:05:10
280,Bentiu,9.23,29.83,73.81,33,0,4.21,SS,2020-11-12 00:05:15
281,Raahe,64.68,24.48,35.01,100,90,3.36,FI,2020-11-12 00:05:16
282,Kalabo,-14.97,22.68,69.53,79,100,5.44,ZM,2020-11-12 00:05:16
283,Dudinka,69.41,86.18,3.2,84,40,8.95,RU,2020-11-12 00:05:16
284,Asosa,10.07,34.53,65.57,61,39,3.24,ET,2020-11-12 00:05:16
285,Pangnirtung,66.15,-65.71,23.0,79,90,11.41,CA,2020-11-12 00:05:17
286,Talara,-4.58,-81.27,63.88,87,87,10.98,PE,2020-11-12 00:05:17
287,Makasar,-5.14,119.42,77.0,94,20,2.24,ID,2020-11-12 00:03:16
288,Itoman,26.12,127.67,73.4,69,75,12.75,JP,2020-11-12 00:05:18
289,Tiksi,71.69,128.87,3.02,93,100,4.18,RU,2020-11-12 00:05:18
290,Ulaanbaatar,47.91,106.88,3.2,84,0,2.24,MN,2020-11-12 00:05:18
291,Qaqortoq,60.72,-46.03,24.17,83,0,4.79,GL,2020-11-12 00:05:18
292,Tilbury,51.46,0.36,55.0,92,100,3.0,GB,2020-11-12 00:05:19
293,Kruisfontein,-34.0,24.73,62.01,82,4,3.0,ZA,2020-11-12 00:01:53
294,Porto Nacional,-10.71,-48.42,84.2,70,0,4.7,BR,2020-11-12 00:02:03
295,Carutapera,-1.2,-46.02,79.61,80,100,6.98,BR,2020-11-12 00:05:19
296,Saint-Pierre,-21.34,55.48,71.6,64,0,5.82,RE,2020-11-12 00:05:19
297,Salalah,17.02,54.09,75.2,78,40,4.7,OM,2020-11-12 00:05:20
298,Pevek,69.7,170.31,18.09,95,100,14.74,RU,2020-11-12 00:02:01
299,Lang Son,21.83,106.73,60.24,69,1,4.16,VN,2020-11-12 00:05:20
300,Jalu,29.03,21.55,61.81,71,1,5.97,LY,2020-11-12 00:03:30
301,Kinkala,-4.36,14.76,71.17,87,97,1.1,CG,2020-11-12 00:05:21
302,Nsanje,-16.92,35.26,72.57,87,1,3.91,MW,2020-11-12 00:05:21
303,Kaeo,-35.1,173.78,71.01,58,50,5.99,NZ,2020-11-12 00:05:21
304,Iracoubo,5.48,-53.2,80.2,83,100,11.52,GF,2020-11-12 00:05:21
305,Noshiro,40.2,140.02,30.2,100,75,1.12,JP,2020-11-12 00:05:21
306,Yulara,-25.24,130.99,82.4,12,0,12.75,AU,2020-11-12 00:03:00
307,Sakakah,29.97,40.21,62.6,82,0,5.82,SA,2020-11-12 00:05:22
308,Abha,18.22,42.51,60.8,87,0,3.58,SA,2020-11-12 00:05:22
309,Coahuayana,18.73,-103.68,82.4,58,40,3.44,MX,2020-11-12 00:05:22
310,Mecca,21.43,39.83,75.81,67,0,6.55,SA,2020-11-12 00:05:22
311,Vestmannaeyjar,63.44,-20.27,41.18,75,76,22.75,IS,2020-11-12 00:02:57
312,Washougal,45.58,-122.35,51.8,57,1,1.12,US,2020-11-12 00:05:23
313,Daura,11.55,11.41,72.79,28,1,8.55,NG,2020-11-12 00:05:23
314,El Cobre,20.05,-75.95,78.8,94,40,3.36,CU,2020-11-12 00:05:23
315,Silifke,36.38,33.93,63.66,50,0,10.6,TR,2020-11-12 00:05:23
316,Tual,-5.67,132.75,83.64,77,45,12.37,ID,2020-11-12 00:05:24
317,Ambon,-3.7,128.18,84.2,79,40,2.24,ID,2020-11-12 00:05:25
318,Cotabato,7.22,124.25,80.58,75,100,5.08,PH,2020-11-12 00:05:26
319,Tobol,52.68,62.58,25.9,91,0,6.17,KZ,2020-11-12 00:05:26
320,Taoudenni,22.68,-3.98,78.26,18,5,14.76,ML,2020-11-12 00:02:29
321,Sungairaya,0.7,108.9,80.55,82,13,4.07,ID,2020-11-12 00:05:26
322,Chernyshevsk,52.52,117.02,23.43,94,53,6.53,RU,2020-11-12 00:05:26
323,Nantucket,41.28,-70.1,62.6,93,20,12.75,US,2020-11-12 00:05:27
324,Turukhansk,65.82,87.98,13.17,94,84,10.09,RU,2020-11-12 00:05:27
325,Palmer,42.16,-72.33,66.2,100,90,5.82,US,2020-11-12 00:05:28
326,Puerto Madryn,-42.77,-65.04,64.38,71,24,21.27,AR,2020-11-12 00:05:28
327,Ciudad Bolivar,8.12,-63.55,83.07,68,7,7.14,VE,2020-11-12 00:05:28
328,Honningsvag,70.98,25.97,42.3,72,23,20.71,NO,2020-11-12 00:05:29
329,Ust-Kulom,61.69,53.69,26.22,97,100,9.8,RU,2020-11-12 00:05:29
330,Baymak,52.59,58.32,21.65,95,93,9.13,RU,2020-11-12 00:05:29
331,San Pedro De Macoris,18.46,-69.3,77.0,100,75,4.7,DO,2020-11-12 00:05:30
332,Port Hardy,50.7,-127.42,42.8,81,90,5.82,CA,2020-11-12 00:05:30
333,Aksarka,66.56,67.8,9.07,95,99,12.12,RU,2020-11-12 00:05:31
334,Piotrkow Trybunalski,51.41,19.7,42.01,10,100,5.35,PL,2020-11-12 00:05:31
335,Barguzin,53.62,109.62,21.0,88,27,1.43,RU,2020-11-12 00:05:31
336,Hellin,38.51,-1.7,50.22,89,40,1.45,ES,2020-11-12 00:05:31
337,Concordia,-31.39,-58.02,65.75,80,3,8.23,AR,2020-11-12 00:05:32
338,Fukuma,33.77,130.47,57.99,76,20,2.24,JP,2020-11-12 00:05:32
339,Pemberton,50.32,-122.8,39.0,74,20,6.93,CA,2020-11-12 00:05:32
340,Praya,14.92,-23.51,77.0,36,0,4.7,CV,2020-11-12 00:02:59
341,Kavieng,-2.57,150.8,84.79,69,85,7.09,PG,2020-11-12 00:02:17
342,Nouadhibou,20.93,-17.03,75.2,50,0,13.87,MR,2020-11-12 00:05:33
343,Tevaitoa,-16.78,-151.5,80.08,73,100,14.29,PF,2020-11-12 00:05:33
344,Coolum Beach,-26.53,153.1,78.01,56,27,3.0,AU,2020-11-12 00:05:34
345,Mahebourg,-20.41,57.7,73.4,83,40,6.93,MU,2020-11-12 00:02:04
346,Agua Dulce,18.13,-94.13,77.34,88,24,8.84,MX,2020-11-12 00:05:34
347,Zonguldak,41.25,31.83,44.83,91,0,2.82,TR,2020-11-12 00:05:35
348,Juba,4.85,31.58,74.32,79,29,2.66,SS,2020-11-12 00:05:35
349,Yurga,55.72,84.89,28.36,93,60,18.88,RU,2020-11-12 00:05:35
350,Great Yarmouth,52.61,1.73,55.0,97,100,10.0,GB,2020-11-12 00:03:15
351,Abu Samrah,35.3,37.18,60.55,69,2,0.45,SY,2020-11-12 00:05:36
352,Pingxiang,27.62,113.85,56.48,60,0,3.13,CN,2020-11-12 00:05:36
353,Sayaxche,16.52,-90.17,75.38,85,22,2.15,GT,2020-11-12 00:05:36
354,Roebourne,-20.78,117.13,85.59,18,0,6.67,AU,2020-11-12 00:05:36
355,Kuito,-12.38,16.93,61.63,90,99,1.7,AO,2020-11-12 00:05:37
356,Taltal,-25.4,-70.48,57.9,75,25,4.14,CL,2020-11-12 00:05:37
357,Lubao,14.92,120.55,80.6,88,90,17.22,PH,2020-11-12 00:05:37
358,Yerkoy,39.64,34.47,42.28,78,0,2.33,TR,2020-11-12 00:05:37
359,Urumqi,43.8,87.6,32.0,65,0,2.24,CN,2020-11-12 00:04:07
360,Constitucion,-35.33,-72.42,54.5,89,100,11.01,CL,2020-11-12 00:05:38
361,Moree,-29.47,149.85,77.0,44,90,19.46,AU,2020-11-12 00:05:38
362,Necochea,-38.55,-58.74,68.0,71,28,18.99,AR,2020-11-12 00:01:59
363,Cabo San Lucas,22.89,-109.91,77.0,60,20,9.17,MX,2020-11-12 00:00:50
364,Sombrerete,23.63,-103.65,61.54,35,46,9.26,MX,2020-11-12 00:05:39
365,Shimanovsk,52.0,127.7,22.73,97,100,6.31,RU,2020-11-12 00:05:39
366,Skjervoy,70.03,20.97,46.47,68,14,13.18,NO,2020-11-12 00:05:40
367,Tutoia,-2.76,-42.27,81.36,79,97,13.96,BR,2020-11-12 00:05:40
368,Sisimiut,66.94,-53.67,16.11,91,68,13.65,GL,2020-11-12 00:05:40
369,Neijiang,29.58,105.06,62.31,57,49,2.84,CN,2020-11-12 00:05:41
370,Surt,31.21,16.59,68.23,72,76,2.89,LY,2020-11-12 00:05:41
371,Yar-Sale,66.83,70.83,5.7,95,92,9.1,RU,2020-11-12 00:05:41
372,Faanui,-16.48,-151.75,79.16,76,100,11.92,PF,2020-11-12 00:05:41
373,Narsaq,60.92,-46.05,23.43,79,0,5.95,GL,2020-11-12 00:05:42
374,Khorramshahr,30.44,48.17,68.0,88,40,6.93,IR,2020-11-12 00:05:42
375,Mabini,15.6,120.98,75.2,88,90,17.22,PH,2020-11-12 00:05:42
376,Quesnel,53.0,-122.5,26.6,79,1,6.55,CA,2020-11-12 00:03:13
377,Nikolsk,53.72,46.07,25.61,97,78,6.58,RU,2020-11-12 00:05:43
378,Eyl,7.98,49.82,75.81,79,27,10.38,SO,2020-11-12 00:05:43
379,Kavaratti,10.57,72.64,81.91,61,48,9.28,IN,2020-11-12 00:05:43
380,Bratsk,56.13,101.61,30.2,68,38,13.42,RU,2020-11-12 00:05:43
381,Colares,38.8,-9.45,61.0,88,100,5.41,PT,2020-11-12 00:05:44
382,Canguaretama,-6.38,-35.13,78.8,74,20,13.87,BR,2020-11-12 00:05:44
383,Sterling,39.01,-77.43,69.8,94,90,5.39,US,2020-11-12 00:02:33
384,Touros,-5.2,-35.46,78.8,74,20,13.87,BR,2020-11-12 00:03:15
385,Tacuarembo,-31.73,-55.98,62.31,93,18,7.74,UY,2020-11-12 00:05:45
386,Hualmay,-11.1,-77.61,63.19,82,61,6.8,PE,2020-11-12 00:05:45
387,Valera,9.32,-70.6,74.77,77,95,1.72,VE,2020-11-12 00:05:46
388,Paita,-5.09,-81.11,63.01,88,91,12.91,PE,2020-11-12 00:05:46
389,Sebring,27.5,-81.44,78.8,78,90,16.11,US,2020-11-12 00:05:46
390,Eirunepe,-6.66,-69.87,75.22,92,60,5.21,BR,2020-11-12 00:02:02
391,San Luis Obispo,35.37,-120.53,64.0,55,1,19.46,US,2020-11-12 00:05:47
392,Nortelandia,-14.45,-56.8,73.45,94,90,4.38,BR,2020-11-12 00:05:47
393,Padang,-0.95,100.35,77.86,74,89,5.86,ID,2020-11-12 00:05:47
394,Poum,-20.23,164.02,75.69,77,25,10.29,NC,2020-11-12 00:05:48
395,Dawson,31.77,-84.45,78.8,88,40,0.87,US,2020-11-12 00:05:48
396,Wenling,28.37,121.36,61.0,86,18,1.01,CN,2020-11-12 00:05:48
397,Ponta Delgada,37.73,-25.67,59.0,67,75,4.7,PT,2020-11-12 00:05:49
398,Kayerkan,69.35,87.76,3.2,84,40,8.95,RU,2020-11-12 00:05:49
399,Okhotsk,59.38,143.3,2.21,86,0,16.6,RU,2020-11-12 00:05:49
400,Lensk,60.73,114.93,27.61,97,94,11.25,RU,2020-11-12 00:05:50
401,Ostroda,53.7,19.96,41.0,86,75,3.36,PL,2020-11-12 00:05:50
402,Port Macquarie,-31.43,152.92,82.0,45,21,1.99,AU,2020-11-12 00:00:54
403,Progreso,21.28,-89.67,78.01,94,75,5.82,MX,2020-11-12 00:05:51
404,Krasnoselkup,65.7,82.47,7.39,95,93,10.07,RU,2020-11-12 00:03:45
405,Berlevag,70.86,29.09,40.84,71,44,14.72,NO,2020-11-12 00:05:51
406,Kahului,20.89,-156.47,84.2,58,40,17.22,US,2020-11-12 00:05:51
407,Atar,20.52,-13.05,80.91,16,29,4.34,MR,2020-11-12 00:05:52
408,Artyom,40.47,50.33,50.0,81,90,6.93,AZ,2020-11-12 00:05:52
409,Salisbury,51.07,-1.8,51.8,87,76,18.34,GB,2020-11-12 00:05:49
410,Pudozh,61.81,36.53,28.67,94,0,3.53,RU,2020-11-12 00:05:53
411,Samarai,-10.62,150.67,80.38,74,39,11.74,PG,2020-11-12 00:05:53
412,Port Augusta,-32.5,137.77,64.99,68,90,13.87,AU,2020-11-12 00:01:56
413,Pozo Colorado,-23.49,-58.8,75.47,85,46,4.14,PY,2020-11-12 00:05:53
414,Scarborough,54.28,-0.4,52.0,93,100,7.0,GB,2020-11-12 00:05:54
415,Atambua,-9.11,124.89,85.84,56,46,1.97,ID,2020-11-12 00:03:22
416,Kargala,56.62,83.96,30.99,77,100,15.43,RU,2020-11-12 00:05:54
417,Hengshui,37.73,115.7,52.59,52,12,8.75,CN,2020-11-12 00:05:55
418,Lagos,6.58,3.75,77.0,94,20,4.7,NG,2020-11-12 00:02:56
419,Piedra Gorda,18.43,-66.89,78.01,94,75,3.36,PR,2020-11-12 00:05:55
420,Scottsbluff,41.87,-103.67,48.2,26,75,12.75,US,2020-11-12 00:02:03
421,Kyshtovka,56.55,76.63,27.41,92,99,12.73,RU,2020-11-12 00:05:56
422,Brentwood,40.78,-73.25,64.99,100,90,12.75,US,2020-11-12 00:01:38
423,Nampula,-15.12,39.27,75.2,83,0,1.81,MZ,2020-11-12 00:05:57
424,La Ronge,55.1,-105.28,3.2,64,100,6.93,CA,2020-11-12 00:03:05
425,Najran,17.49,44.13,62.6,42,0,0.98,SA,2020-11-12 00:05:58
426,Ceres,37.59,-120.96,57.99,37,1,4.7,US,2020-11-12 00:05:58
427,Birin,26.89,88.07,52.97,54,0,5.19,NP,2020-11-12 00:05:58
428,Comodoro Rivadavia,-45.87,-67.5,69.8,64,0,9.17,AR,2020-11-12 00:05:58
429,El Alto,-4.27,-81.21,62.17,89,91,11.99,PE,2020-11-12 00:05:58
430,Saint-Augustin,51.23,-58.65,40.24,97,100,8.41,CA,2020-11-12 00:05:59
431,Olafsvik,64.89,-23.71,39.54,75,89,12.15,IS,2020-11-12 00:05:59
432,Yangambi,0.81,24.43,67.35,99,99,0.81,CD,2020-11-12 00:05:59
433,Daru,-9.08,143.21,82.49,71,94,10.47,PG,2020-11-12 00:05:59
434,Port Lincoln,-34.73,135.87,60.78,70,100,14.12,AU,2020-11-12 00:05:59
435,Bilibino,68.05,166.44,0.97,90,100,2.71,RU,2020-11-12 00:06:00
436,Yangcun,39.36,117.06,53.6,58,70,6.71,CN,2020-11-12 00:06:00
437,Luba,3.46,8.55,79.14,79,76,2.91,GQ,2020-11-12 00:06:00
438,Longyearbyen,78.22,15.64,44.6,75,75,32.21,SJ,2020-11-12 00:06:00
439,Ialibu,-6.28,143.99,69.35,60,100,3.4,PG,2020-11-12 00:06:01
440,Pascagoula,30.37,-88.56,80.6,74,20,7.25,US,2020-11-12 00:06:01
441,Koboko,3.41,30.96,62.53,94,30,3.6,UG,2020-11-12 00:06:01
442,Shingu,33.73,135.98,51.8,76,75,5.82,JP,2020-11-12 00:06:02
443,Nuzvid,16.78,80.85,72.3,90,38,5.84,IN,2020-11-12 00:06:02
444,Dakar,14.69,-17.44,82.4,78,0,2.24,SN,2020-11-12 00:05:34
445,Issia,6.49,-6.59,71.51,97,97,3.27,CI,2020-11-12 00:06:02
446,Phan Thiet,10.93,108.1,76.33,85,71,5.57,VN,2020-11-12 00:02:19
447,Zaltan,32.95,11.87,64.94,63,9,3.6,LY,2020-11-12 00:06:03
448,Auki,-8.77,160.7,85.35,70,40,5.97,SB,2020-11-12 00:02:47
449,Mount Isa,-20.73,139.5,91.4,41,46,11.41,AU,2020-11-12 00:06:04
450,Inta,66.03,60.17,22.68,98,100,11.65,RU,2020-11-12 00:06:04
451,Kharp,66.8,65.81,9.79,93,94,6.89,RU,2020-11-12 00:06:04
452,Vengerovo,55.68,76.75,26.74,94,97,14.52,RU,2020-11-12 00:06:05
453,Labrea,-7.26,-64.8,76.59,89,100,1.7,BR,2020-11-12 00:06:05
454,Paithan,19.48,75.38,61.0,58,0,4.79,IN,2020-11-12 00:06:05
455,Belorechensk,44.76,39.87,30.2,86,0,6.71,RU,2020-11-12 00:06:05
456,Hervey Bay,-25.3,152.85,82.0,39,90,9.17,AU,2020-11-12 00:06:05
457,Jammalamadugu,14.83,78.4,72.64,84,80,4.45,IN,2020-11-12 00:06:06
458,Ishigaki,24.34,124.16,75.2,73,75,23.04,JP,2020-11-12 00:06:06
459,San Vicente,-26.62,-54.13,65.08,97,0,1.39,AR,2020-11-12 00:06:06
460,Kirakira,-10.45,161.92,86.31,68,2,7.78,SB,2020-11-12 00:06:06
461,Maceio,-9.67,-35.74,71.6,88,0,5.82,BR,2020-11-12 00:02:42
462,Cayenne,4.93,-52.33,78.8,100,0,2.24,GF,2020-11-12 00:06:07
463,Coihaique,-45.58,-72.07,60.8,51,40,6.93,CL,2020-11-12 00:03:01
464,Vuktyl,63.86,57.31,26.55,97,100,11.99,RU,2020-11-12 00:06:08
465,Mormugao,15.4,73.8,73.65,64,46,8.32,IN,2020-11-12 00:06:08
466,Tuy Hoa,13.08,109.3,76.8,90,99,10.96,VN,2020-11-12 00:06:08
467,Krasnoyarskiy,51.97,59.9,24.48,95,6,8.1,RU,2020-11-12 00:06:08
468,Cabedelo,-6.98,-34.83,75.2,88,20,6.93,BR,2020-11-12 00:06:09
469,Mount Gambier,-37.83,140.77,60.8,77,90,18.34,AU,2020-11-12 00:06:09
470,Kenai,60.55,-151.26,39.2,86,90,12.75,US,2020-11-12 00:06:09
471,Rio Gallegos,-51.62,-69.22,57.2,76,90,21.92,AR,2020-11-12 00:01:59
472,Lar,26.2,83.97,70.43,40,27,5.91,IN,2020-11-12 00:06:09
473,Izhmorskiy,56.19,86.64,26.44,94,47,16.55,RU,2020-11-12 00:06:10
474,Caravelas,-17.71,-39.25,74.86,84,80,6.96,BR,2020-11-12 00:06:10
475,Pacific Grove,36.62,-121.92,55.99,76,20,6.93,US,2020-11-12 00:03:48
476,Waipawa,-41.41,175.52,64.0,67,13,18.34,NZ,2020-11-12 00:06:10
477,Buenos Aires,-34.61,-58.38,69.01,72,0,17.22,AR,2020-11-12 00:04:21
478,Sechura,-5.56,-80.82,67.01,73,88,13.8,PE,2020-11-12 00:06:11
479,Rathdrum,47.81,-116.89,30.99,86,90,6.93,US,2020-11-12 00:06:11
480,Vrede,-27.43,29.17,54.82,88,56,6.06,ZA,2020-11-12 00:06:11
481,Jurado,7.11,-77.76,77.07,89,100,5.44,CO,2020-11-12 00:06:12
482,Anchorage,61.22,-149.9,36.0,86,90,3.04,US,2020-11-12 00:02:21
483,Ugoofaaru,5.67,73.0,82.17,73,53,6.73,MV,2020-11-12 00:06:12
484,Bintulu,3.17,113.03,78.8,94,40,3.36,MY,2020-11-12 00:06:12
485,Areka,7.07,37.7,59.14,53,13,7.34,ET,2020-11-12 00:06:13
486,Mezen,65.85,44.24,30.94,98,99,5.95,RU,2020-11-12 00:06:13
487,Vodnyy,63.5,53.41,27.59,95,100,11.23,RU,2020-11-12 00:06:13
488,Gorontalo,0.54,123.06,85.12,66,36,1.48,ID,2020-11-12 00:06:13
489,Shivrajpur,22.42,73.65,64.83,38,0,5.14,IN,2020-11-12 00:06:13
490,Soyo,-6.13,12.37,78.87,83,100,8.23,AO,2020-11-12 00:03:04
491,Mackay,-21.15,149.2,80.6,54,20,11.41,AU,2020-11-12 00:06:14
492,Nemuro,43.32,145.57,35.6,69,0,8.05,JP,2020-11-12 00:02:47
493,Nichinan,31.6,131.37,50.0,81,20,10.29,JP,2020-11-12 00:04:56
494,Eyrarbakki,63.86,-21.15,35.6,82,75,10.29,IS,2020-11-12 00:06:14
495,Los Llanos De Aridane,28.66,-17.92,69.8,77,0,3.36,ES,2020-11-12 00:06:15
496,Durres,41.32,19.44,42.8,93,0,1.12,AL,2020-11-12 00:06:15
497,Loa Janan,-0.58,117.09,83.07,75,64,1.1,ID,2020-11-12 00:06:15
498,Batagay-Alyta,67.8,130.41,-4.81,89,71,1.72,RU,2020-11-12 00:06:15
499,Tezu,27.92,96.17,66.54,54,0,3.09,IN,2020-11-12 00:06:15
500,Pavilosta,56.89,21.19,41.0,80,100,5.82,LV,2020-11-12 00:06:16
501,Hemnesberget,66.23,13.63,37.0,93,8,1.99,NO,2020-11-12 00:06:16
502,Tornio,65.85,24.15,37.4,100,90,6.93,FI,2020-11-12 00:06:16
503,Gushikawa,26.35,127.87,73.4,68,90,12.75,JP,2020-11-12 00:06:16
504,Srednekolymsk,67.45,153.68,-12.32,89,96,7.29,RU,2020-11-12 00:06:17
505,Villarrica,-25.75,-56.43,75.88,66,64,3.76,PY,2020-11-12 00:06:17
506,Forestville,38.85,-76.88,70.0,100,90,9.17,US,2020-11-12 00:06:17
507,Samarkand,39.65,66.96,46.4,93,90,2.24,UZ,2020-11-12 00:06:17
508,Almaznyy,48.04,40.05,26.6,92,20,2.24,RU,2020-11-12 00:06:17
509,Nayoro,44.35,142.46,38.35,73,51,9.37,JP,2020-11-12 00:06:18
510,Ilhabela,-23.78,-45.36,73.17,89,98,4.76,BR,2020-11-12 00:01:20
511,Ust-Uda,54.17,103.03,22.51,94,9,6.06,RU,2020-11-12 00:06:18
512,Leninskoye,41.76,69.39,48.2,100,90,9.17,KZ,2020-11-12 00:06:18
513,Makakilo City,21.35,-158.09,86.0,48,75,10.29,US,2020-11-12 00:06:18
514,Redmond,47.67,-122.12,46.0,85,61,1.1,US,2020-11-12 00:02:53
515,Mehamn,71.04,27.85,40.96,72,24,12.5,NO,2020-11-12 00:06:19
516,Bata,1.86,9.77,78.62,83,100,1.32,GQ,2020-11-12 00:06:19
517,Zhanaozen,43.3,52.8,31.06,94,7,4.12,KZ,2020-11-12 00:06:19
518,Mill Creek,47.86,-122.2,45.0,75,90,3.36,US,2020-11-12 00:06:19
519,Kloulklubed,7.04,134.26,86.0,79,75,9.17,PW,2020-11-12 00:06:20
520,Husavik,66.04,-17.34,28.4,74,0,9.17,IS,2020-11-12 00:06:20
521,Chicama,-7.84,-79.15,64.13,79,27,5.35,PE,2020-11-12 00:06:20
522,Angoram,-4.06,144.07,77.63,91,100,4.23,PG,2020-11-12 00:06:20
523,Margate,51.38,1.39,54.0,87,100,8.99,GB,2020-11-12 00:06:21
524,Bubaque,11.28,-15.83,84.15,77,0,12.44,GW,2020-11-12 00:06:21
525,Fengrun,39.83,118.12,48.76,57,0,1.97,CN,2020-11-12 00:06:21
526,Charagua,-19.8,-63.22,73.4,88,90,6.38,BO,2020-11-12 00:06:21
527,Manadhoo,5.77,73.38,82.33,68,65,4.94,MV,2020-11-12 00:06:22
528,Neryungri,56.67,124.65,12.22,94,100,0.78,RU,2020-11-12 00:02:26
529,Chapleau,47.84,-83.4,28.4,86,90,8.05,CA,2020-11-12 00:06:22
530,Aklavik,68.22,-135.01,5.0,71,74,5.82,CA,2020-11-12 00:06:22
531,Elizabeth City,36.29,-76.25,73.0,96,100,15.03,US,2020-11-12 00:06:22
532,Kisaran,2.98,99.62,75.2,95,98,1.92,ID,2020-11-12 00:06:23
533,Quzhou,28.96,118.87,54.21,79,0,7.18,CN,2020-11-12 00:06:23
534,Coari,-4.08,-63.14,78.96,79,76,3.02,BR,2020-11-12 00:06:23
535,Prince Rupert,54.32,-130.32,41.0,71,75,12.75,CA,2020-11-12 00:06:23
536,Boddam,57.47,-1.78,51.8,93,90,19.46,GB,2020-11-12 00:06:24
537,Mahdasht,35.73,50.81,41.0,86,20,9.17,IR,2020-11-12 00:06:24
538,Evensk,61.95,159.23,1.26,86,35,8.3,RU,2020-11-12 00:06:24
539,Mikhaylovka,50.06,43.24,30.0,89,81,6.31,RU,2020-11-12 00:06:24
540,Yarmouth,41.71,-70.23,64.0,100,90,10.29,US,2020-11-12 00:06:24
541,Chumikan,54.72,135.31,20.68,94,79,10.76,RU,2020-11-12 00:06:25
542,Santa Cruz,-17.8,-63.17,75.2,83,75,5.82,BO,2020-11-12 00:06:25
543,Port Saint Lucie,27.29,-80.35,82.4,74,40,17.22,US,2020-11-12 00:06:16
544,Mamakan,57.82,114.0,20.23,91,98,5.99,RU,2020-11-12 00:06:25
545,Vila Velha,-20.33,-40.29,77.0,78,20,9.17,BR,2020-11-12 00:06:25
546,Severnoye,56.35,78.36,27.97,96,99,12.62,RU,2020-11-12 00:06:26
547,Barra Do Garcas,-15.89,-52.26,79.9,61,81,5.64,BR,2020-11-12 00:04:51
548,Buluang,13.31,123.34,80.8,84,100,12.28,PH,2020-11-12 00:06:26
549,Salinopolis,-0.61,-47.36,79.39,86,100,12.93,BR,2020-11-12 00:06:26
550,Karratha,-20.74,116.85,83.1,22,0,8.93,AU,2020-11-12 00:06:27
551,Hohhot,40.81,111.65,35.6,37,0,8.95,CN,2020-11-12 00:06:27
552,Porto Novo,6.5,2.6,78.82,84,0,5.26,BJ,2020-11-12 00:03:07
553,Naruja,41.91,41.95,53.6,93,75,8.05,GE,2020-11-12 00:06:27
554,Bekhteyevka,50.81,37.21,32.0,94,75,2.24,RU,2020-11-12 00:06:28
555,Pucallpa,-8.38,-74.55,82.4,74,75,3.36,PE,2020-11-12 00:06:28
556,Bagdarin,54.43,113.6,15.85,86,2,4.56,RU,2020-11-12 00:06:28
557,Uthal,25.81,66.62,73.89,21,0,5.35,PK,2020-11-12 00:06:28
